Patient ID,Classification
P-1001,success
P-1002,success
P-1003,success
P-1004,success
P-1005,success
P-1006,success
P-1007,success
P-1008,success
P-1009,success
P-1010,success
P-1011,success
P-1012,success
P-1013,success
P-1014,success
P-1015,success
P-1016,success
P-1017,success
P-1018,success
P-1019,success
P-1020,success
P-1021,success
P-1022,success
P-1023,success
P-1024,success
P-1025,success
P-1026,success
P-1027,success
P-1028,success
P-1029,success
P-1030,success
P-1031,success
P-1032,success
P-1033,success
P-1034,success
P-1035,success
P-1036,success
P-1037,success
P-1038,success
P-1039,success
P-1040,success
P-1041,success
P-1042,success
P-1043,success
P-1044,success
P-1045,success
P-1046,success
P-1047,success
P-1048,success
P-1049,success
P-1050,success
P-1051,success
P-1052,success
P-1053,success
P-1054,success
P-1055,success
P-1056,success
P-1057,success
P-1058,success
P-1059,success
P-1060,success
P-1061,success
P-1062,success
P-1063,success
P-1064,success
P-1065,success
P-1066,success
P-1067,success
P-1068,success
P-1069,success
P-1070,success
P-1071,success
P-1072,success
P-1073,success
P-1074,success
P-1075,success
P-1076,success
P-1077,success
P-1078,success
P-1079,success
P-1080,success
P-1081,failure
P-1082,failure
P-1083,failure
P-1084,failure
P-1085,failure
P-1086,failure
P-1087,failure
P-1088,failure
P-1089,failure
P-1090,failure
P-1091,failure
P-1092,failure
P-1093,failure
P-1094,failure
P-1095,failure
P-1096,failure
P-1097,failure
P-1098,failure
P-1099,failure
P-1100,failure
P-1101,failure
P-1102,failure
P-1103,failure
P-1104,failure
P-1105,failure
P-1106,edge_case
P-1107,edge_case
P-1108,edge_case
P-1109,edge_case
P-1110,edge_case
P-1111,edge_case
P-1112,edge_case
P-1113,edge_case
P-1114,edge_case
P-1115,edge_case
P-1116,edge_case
P-1117,edge_case
P-1118,edge_case
P-1119,edge_case
P-1120,edge_case
P-1121,edge_case
P-1122,edge_case
P-1123,edge_case
P-1124,edge_case
P-1125,edge_case
P-1126,edge_case
P-1127,edge_case
P-1128,edge_case
P-1129,edge_case
P-1130,edge_case
P-1131,edge_case
P-1132,edge_case
P-1133,edge_case
P-1134,edge_case
P-1135,edge_case
P-1136,edge_case
P-1137,edge_case
P-1138,edge_case
P-1139,edge_case
P-1140,edge_case
P-1141,edge_case
P-1142,edge_case
P-1143,edge_case
P-1144,edge_case
P-1145,edge_case
P-9990,failure
P-9991,failure
P-9992,failure
P-1149,edge_case
P-1150,edge_case
